# código	corrente	intermediário	destinação (G=guarda permanente, E=eliminação) — transcrito das págs. 53-55
8.0.01.00.00	02	20	G
8.0.01.00.01	02	-	E
8.0.01.00.02	05	20	G
8.0.01.01.00	02	20	G
8.0.01.01.01	05	-	E
8.0.01.01.02	05	-	E
8.0.01.01.03	02	20	G
8.0.01.01.04	02	20	G
8.0.01.01.05	02	20	G
8.0.01.02.00	02	20	G
8.0.01.02.01	02	20	G
8.0.01.02.02	05	-	E
8.0.01.02.03	05	-	E
8.0.01.02.04	02	20	G
8.0.01.02.05	02	20	G
8.0.01.02.06	02	20	G
8.0.01.02.07	02	20	G
8.0.01.02.08	02	20	G
8.0.01.02.09	02	20	G
8.0.01.02.10	02	20	G
8.0.01.02.11	05	-	E
8.0.01.02.12	05	-	E
8.0.01.02.13	05	-	E
8.0.01.02.14	02	20	G
8.0.01.02.15	05	-	E
8.0.01.03.00	02	20	G
8.0.01.03.01	02	20	G
8.0.01.03.02	02	20	G
8.0.02.00.00	02	20	G
8.0.02.00.01	02	20	G
8.0.02.00.02	02	20	G
8.0.02.00.03	05	-	E
8.0.02.01.00	05	-	E
8.0.02.01.01	05	-	E
8.0.02.01.02	05	-	E
8.0.02.01.03	05	-	E
8.0.02.01.04	02	20	G
8.0.02.01.05	05	-	E
8.0.02.01.06	05	-	E
8.0.02.02.00	05	-	E
8.0.02.02.01	05	-	E
8.0.02.02.02	05	-	E
8.0.02.03.00	05	-	E
8.0.02.03.01	05	-	E
8.0.02.03.02	05	-	E
8.0.02.04.00	05	-	E
8.0.02.04.01	05	-	E
